model,rmse,mae,mape
xgboost,0.19931548450474243,0.15567285797444363,2.497228396757589
lightgbm,0.19911792960701813,0.1558445821859972,2.4953746758964424
